"DCU","2014-04-30",500.1924000
"DCU","2014-05-01",496.2837000
"DCU","2014-05-02",497.2129000
"DCU","2014-05-06",497.5462000
"DCU","2014-05-07",493.9809000
"DCU","2014-05-08",493.5971000
"DCU","2014-05-09",504.6263000
"DCU","2014-05-12",517.9785000
"DCU","2014-05-13",516.2817000
"DCU","2014-05-14",523.3416000
"DCU","2014-05-15",523.1497000
"DCU","2014-05-16",521.8771000
"DCU","2014-05-19",525.3919000
"DCU","2014-05-20",519.6551000
"DCU","2014-05-21",514.2415000
"DCU","2014-05-22",522.2407000
"DCU","2014-05-23",527.8462000
"DCU","2014-05-27",528.8764000
"DCU","2014-05-28",530.9671000
"DCU","2014-05-29",526.2908000
"DCU","2014-05-30",528.4118000
"DCU","2014-06-02",529.0077000
"DCU","2014-06-03",523.7759000
"DCU","2014-06-04",516.1403000
"DCU","2014-06-05",513.9890000
"DCU","2014-06-06",502.7578000
"DCU","2014-06-09",503.5456000
"DCU","2014-06-10",508.6158000
"DCU","2014-06-11",508.5451000
"DCU","2014-06-12",511.6155000
"DCU","2014-06-13",506.9695000
"DCU","2014-06-16",511.6458000
"DCU","2014-06-17",509.0198000
"DCU","2014-06-18",510.9994000
"DCU","2014-06-19",508.2219000
"DCU","2014-06-20",512.8881000
"DCU","2014-06-23",522.3114000
"DCU","2014-06-24",520.7762000
"DCU","2014-06-25",520.9176000
"DCU","2014-06-26",523.9072000
"DCU","2014-06-27",526.9271000
"DCU","2014-06-30",523.8567000
"DCU","2014-07-01",526.8362000
"DCU","2014-07-02",530.4015000
"DCU","2014-07-03",536.1686000
"DCU","2014-07-04",541.4913000
"DCU","2014-07-07",538.3098000
"DCU","2014-07-08",540.9964000
"DCU","2014-07-09",541.5721000
"DCU","2014-07-10",536.8150000
"DCU","2014-07-11",540.2591000
"DCU","2014-07-14",539.6834000
"DCU","2014-07-15",536.6130000
"DCU","2014-07-16",540.1783000
"DCU","2014-07-17",534.2799000
"DCU","2014-07-18",534.1789000
"DCU","2014-07-21",531.4519000
"DCU","2014-07-22",538.3199000
"DCU","2014-07-23",539.0572000
"DCU","2014-07-24",545.4808000
"DCU","2014-07-25",548.7835000
"DCU","2014-07-28",545.4707000
"DCU","2014-07-29",544.3900000
"DCU","2014-07-30",543.8547000
"DCU","2014-07-31",547.9048000
"DCU","2014-08-01",543.1477000
"DCU","2014-08-04",544.1375000
"DCU","2014-08-05",545.0566000
"DCU","2014-08-06",539.0976000
"DCU","2014-08-07",536.5827000
"DCU","2014-08-08",538.8855000
"DCU","2014-08-11",538.1684000
"DCU","2014-08-12",541.4509000
"DCU","2014-08-13",533.2194000
"DCU","2014-08-14",529.5935000
"DCU","2014-08-15",526.9372000
"DCU","2014-08-18",530.7348000
"DCU","2014-08-19",534.2294000
"DCU","2014-08-20",536.0979000
"DCU","2014-08-21",542.9659000
"DCU","2014-08-22",549.0360000
"DCU","2014-08-26",552.7023000
"DCU","2014-08-27",549.8743000
"DCU","2014-08-28",548.7835000
"DCU","2014-08-29",545.3697000
"DCU","2014-09-01",545.2889000
"DCU","2014-09-02",546.0464000
"DCU","2014-09-03",541.7539000
"DCU","2014-09-04",545.7030000
"DCU","2014-09-05",553.4800000
"DCU","2014-09-08",559.1865000
"DCU","2014-09-09",553.5305000
"DCU","2014-09-10",547.7937000
"DCU","2014-09-11",543.8648000
"DCU","2014-09-12",545.4303000
"DCU","2014-09-15",545.2586000
"DCU","2014-09-16",547.9250000
"DCU","2014-09-17",552.2983000
"DCU","2014-09-18",552.6720000
"DCU","2014-09-19",549.1774000
"DCU","2014-09-22",543.4305000
"DCU","2014-09-23",542.7033000
"DCU","2014-09-24",540.7338000
"DCU","2014-09-25",547.1170000
"DCU","2014-09-26",546.6120000
"DCU","2014-09-29",546.2888000
"DCU","2014-09-30",550.4601000
"DCU","2014-10-01",551.7630000
"DCU","2014-10-02",545.0465000
"DCU","2014-10-03",543.5416000
"DCU","2014-10-06",550.2379000
"DCU","2014-10-07",548.6825000
"DCU","2014-10-08",548.8845000
"DCU","2014-10-09",545.5717000
"DCU","2014-10-10",543.9860000
"DCU","2014-10-13",551.5509000
"DCU","2014-10-14",551.3590000
"DCU","2014-10-15",551.7933000
"DCU","2014-10-16",535.3707000
"DCU","2014-10-17",532.3609000
"DCU","2014-10-20",533.0477000
"DCU","2014-10-21",537.2897000
"DCU","2014-10-22",545.6727000
"DCU","2014-10-23",545.7939000
"DCU","2014-10-24",549.6824000
"DCU","2014-10-27",551.9549000
"DCU","2014-10-28",555.5707000
"DCU","2014-10-29",553.8537000
"DCU","2014-10-30",554.6213000
"DCU","2014-10-31",558.8633000
"DCU","2014-11-03",559.7420000
"DCU","2014-11-04",551.4297000
"DCU","2014-11-05",548.3694000
"DCU","2014-11-06",549.2683000
"DCU","2014-11-07",558.0048000
"DCU","2014-11-10",555.0152000
"DCU","2014-11-11",554.4597000
"DCU","2014-11-12",557.6008000
"DCU","2014-11-13",557.7523000
"DCU","2014-11-14",553.5507000
"DCU","2014-11-17",556.1767000
"DCU","2014-11-18",549.6016000
"DCU","2014-11-19",551.2277000
"DCU","2014-11-20",549.0461000
"DCU","2014-11-21",562.1862000
"DCU","2014-11-24",558.0553000
"DCU","2014-11-25",554.1668000
"DCU","2014-11-26",549.5410000
"DCU","2014-11-27",546.0363000
"DCU","2014-11-28",552.9447000
"DCU","2014-12-01",527.6947000
"DCU","2014-12-02",534.2900000
"DCU","2014-12-03",539.0471000
"DCU","2014-12-04",542.9962000
"DCU","2014-12-05",544.7839000
"DCU","2014-12-08",542.7538000
"DCU","2014-12-09",533.7244000
"DCU","2014-12-10",538.7744000
"DCU","2014-12-11",534.5930000
"DCU","2014-12-12",539.4107000
"DCU","2014-12-15",543.2689000
"DCU","2014-12-16",524.5637000
"DCU","2014-12-17",521.3216000
"DCU","2014-12-18",531.1792000
"DCU","2014-12-19",541.2792000
"DCU","2014-12-22",539.8450000
"DCU","2014-12-23",535.9969000
"DCU","2014-12-24",536.9766000
"DCU","2014-12-29",535.0576000
"DCU","2014-12-30",536.0373000
"DCU","2014-12-31",538.9360000
"DCU","2015-01-02",539.2087000
"DCU","2015-01-05",538.0674000
"DCU","2015-01-06",536.6231000
"DCU","2015-01-07",537.9159000
"DCU","2015-01-08",545.5010000
"DCU","2015-01-09",536.8756000
"DCU","2015-01-12",535.6232000
"DCU","2015-01-13",517.4331000
"DCU","2015-01-14",494.3445000
"DCU","2015-01-15",504.5051000
"DCU","2015-01-16",504.3738000
"DCU","2015-01-19",505.2020000
"DCU","2015-01-20",513.4638000
"DCU","2015-01-21",502.2730000
"DCU","2015-01-22",509.7268000
"DCU","2015-01-23",510.6100000
"DCU","2015-01-26",505.3030000
"DCU","2015-01-27",508.8885000
"DCU","2015-01-28",498.8794000
"DCU","2015-01-29",492.5366000
"DCU","2015-01-30",501.4549000
"DCU","2015-02-02",504.8081000
"DCU","2015-02-03",517.4734000
"DCU","2015-02-04",514.3122000
"DCU","2015-02-05",505.7777000
"DCU","2015-02-06",513.5244000
"DCU","2015-02-09",517.2513000
"DCU","2015-02-10",511.9387000
"DCU","2015-02-11",515.7767000
"DCU","2015-02-12",518.3320000
"DCU","2015-02-13",518.3421000
"DCU","2015-02-16",516.4736000
"DCU","2015-02-17",511.2721000
"DCU","2015-02-18",516.6958000
"DCU","2015-02-19",518.1401000
"DCU","2015-02-20",520.3722000
"DCU","2015-02-23",516.4029000
"DCU","2015-02-24",521.1297000
"DCU","2015-02-25",528.1997000
"DCU","2015-02-26",539.4208000
"DCU","2015-02-27",540.6227000
"DCU","2015-03-02",541.9761000
"DCU","2015-03-03",541.5721000
"DCU","2015-03-04",545.3899000
"DCU","2015-03-05",546.8645000
"DCU","2015-03-06",549.6016000
"DCU","2015-03-09",551.2378000
"DCU","2015-03-10",556.2171000
"DCU","2015-03-11",563.5093000
"DCU","2015-03-12",569.0037000
"DCU","2015-03-13",572.3165000
"DCU","2015-03-16",573.7709000
"DCU","2015-03-17",560.8126000
"DCU","2015-03-18",554.4193000
"DCU","2015-03-19",563.1255000
"DCU","2015-03-20",570.1147000
"DCU","2015-03-23",576.9019000
"DCU","2015-03-24",575.1849000
"DCU","2015-03-25",575.5182000
"DCU","2015-03-26",584.1133000
"DCU","2015-03-27",583.4972000
"DCU","2015-03-30",581.6489000
"DCU","2015-03-31",580.8712000
"DCU","2015-04-01",575.6899000
"DCU","2015-04-02",570.0238000
"DCU","2015-04-07",572.8114000
"DCU","2015-04-08",573.3265000
"DCU","2015-04-09",577.5382000
"DCU","2015-04-10",589.1633000
"DCU","2015-04-13",586.0020000
"DCU","2015-04-14",576.2555000
"DCU","2015-04-15",575.8212000
"DCU","2015-04-16",581.3055000
"DCU","2015-04-17",578.2957000
"DCU","2015-04-20",575.7606000
"DCU","2015-04-21",574.4476000
"DCU","2015-04-22",567.6402000
"DCU","2015-04-23",566.8625000
"DCU","2015-04-24",572.5791000
"DCU","2015-04-27",576.0030000
"DAL","2014-04-30",176.6000000
"DAL","2014-05-01",174.2000000
"DAL","2014-05-02",173.8800000
"DAL","2014-05-06",174.0700000
"DAL","2014-05-07",172.6200000
"DAL","2014-05-08",171.6700000
"DAL","2014-05-09",173.1600000
"DAL","2014-05-12",175.1600000
"DAL","2014-05-13",175.5800000
"DAL","2014-05-14",177.0100000
"DAL","2014-05-15",177.1800000
"DAL","2014-05-16",175.2400000
"DAL","2014-05-19",174.5000000
"DAL","2014-05-20",174.4900000
"DAL","2014-05-21",174.1100000
"DAL","2014-05-22",176.4500000
"DAL","2014-05-23",179.7100000
"DAL","2014-05-27",179.1100000
"DAL","2014-05-28",181.1400000
"DAL","2014-05-29",179.9300000
"DAL","2014-05-30",182.8700000
"DAL","2014-06-02",182.3700000
"DAL","2014-06-03",181.3900000
"DAL","2014-06-04",180.7900000
"DAL","2014-06-05",183.2700000
"DAL","2014-06-06",182.1700000
"DAL","2014-06-09",186.1900000
"DAL","2014-06-10",186.6800000
"DAL","2014-06-11",184.6100000
"DAL","2014-06-12",183.7300000
"DAL","2014-06-13",181.9900000
"DAL","2014-06-16",182.0400000
"DAL","2014-06-17",182.2800000
"DAL","2014-06-18",183.7300000
"DAL","2014-06-19",184.2400000
"DAL","2014-06-20",184.6500000
"DAL","2014-06-23",185.6100000
"DAL","2014-06-24",185.3300000
"DAL","2014-06-25",186.1300000
"DAL","2014-06-26",185.3000000
"DAL","2014-06-27",184.8100000
"DAL","2014-06-30",184.4100000
"DAL","2014-07-01",183.0400000
"DAL","2014-07-02",185.1100000
"DAL","2014-07-03",187.3100000
"DAL","2014-07-04",188.2500000
"DAL","2014-07-07",188.2300000
"DAL","2014-07-08",189.4800000
"DAL","2014-07-09",190.2600000
"DAL","2014-07-10",187.4000000
"DAL","2014-07-11",189.0600000
"DAL","2014-07-14",190.0400000
"DAL","2014-07-15",190.6300000
"DAL","2014-07-16",194.0300000
"DAL","2014-07-17",194.4600000
"DAL","2014-07-18",193.8500000
"DAL","2014-07-21",196.0500000
"DAL","2014-07-22",198.9400000
"DAL","2014-07-23",198.3500000
"DAL","2014-07-24",198.5300000
"DAL","2014-07-25",198.4100000
"DAL","2014-07-28",197.0200000
"DAL","2014-07-29",196.0500000
"DAL","2014-07-30",197.1100000
"DAL","2014-07-31",199.8400000
"DAL","2014-08-01",195.8200000
"DAL","2014-08-04",196.6200000
"DAL","2014-08-05",198.6900000
"DAL","2014-08-06",197.9200000
"DAL","2014-08-07",199.8100000
"DAL","2014-08-08",199.8300000
"DAL","2014-08-11",200.9100000
"DAL","2014-08-12",202.1800000
"DAL","2014-08-13",200.9300000
"DAL","2014-08-14",199.1400000
"DAL","2014-08-15",197.2400000
"DAL","2014-08-18",198.1900000
"DAL","2014-08-19",201.1800000
"DAL","2014-08-20",202.7400000
"DAL","2014-08-21",204.5900000
"DAL","2014-08-22",204.2300000
"DAL","2014-08-26",207.1900000
"DAL","2014-08-27",207.4300000
"DAL","2014-08-28",209.4600000
"DAL","2014-08-29",209.7500000
"DAL","2014-09-01",208.0000000
"DAL","2014-09-02",208.3400000
"DAL","2014-09-03",207.5300000
"DAL","2014-09-04",208.3900000
"DAL","2014-09-05",209.9200000
"DAL","2014-09-08",210.5900000
"DAL","2014-09-09",208.5000000
"DAL","2014-09-10",205.1100000
"DAL","2014-09-11",204.7900000
"DAL","2014-09-12",205.1200000
"DAL","2014-09-15",201.3300000
"DAL","2014-09-16",201.9100000
"DAL","2014-09-17",201.5100000
"DAL","2014-09-18",201.2600000
"DAL","2014-09-19",201.3900000
"DAL","2014-09-22",199.8000000
"DAL","2014-09-23",200.3500000
"DAL","2014-09-24",199.5600000
"DAL","2014-09-25",201.4800000
"DAL","2014-09-26",201.0100000
"DAL","2014-09-29",200.9500000
"DAL","2014-09-30",203.8900000
"DAL","2014-10-01",200.9100000
"DAL","2014-10-02",198.0700000
"DAL","2014-10-03",199.3800000
"DAL","2014-10-06",201.4500000
"DAL","2014-10-07",199.9600000
"DAL","2014-10-08",201.7800000
"DAL","2014-10-09",200.7400000
"DAL","2014-10-10",199.4000000
"DAL","2014-10-13",200.1000000
"DAL","2014-10-14",201.0000000
"DAL","2014-10-15",201.4000000
"DAL","2014-10-16",196.9400000
"DAL","2014-10-17",200.4700000
"DAL","2014-10-20",202.9900000
"DAL","2014-10-21",204.5800000
"DAL","2014-10-22",206.0900000
"DAL","2014-10-23",206.7900000
"DAL","2014-10-24",204.2900000
"DAL","2014-10-27",205.0100000
"DAL","2014-10-28",206.8000000
"DAL","2014-10-29",208.0700000
"DAL","2014-10-30",210.3600000
"DAL","2014-10-31",213.7300000
"DAL","2014-11-03",214.8300000
"DAL","2014-11-04",214.2000000
"DAL","2014-11-05",213.7800000
"DAL","2014-11-06",214.3100000
"DAL","2014-11-07",218.1000000
"DAL","2014-11-10",213.8200000
"DAL","2014-11-11",213.0400000
"DAL","2014-11-12",215.9000000
"DAL","2014-11-13",216.1100000
"DAL","2014-11-14",212.7600000
"DAL","2014-11-17",214.4400000
"DAL","2014-11-18",211.3700000
"DAL","2014-11-19",211.8500000
"DAL","2014-11-20",211.2100000
"DAL","2014-11-21",217.6500000
"DAL","2014-11-24",216.4600000
"DAL","2014-11-25",218.0600000
"DAL","2014-11-26",219.0000000
"DAL","2014-11-27",218.5600000
"DAL","2014-11-28",216.4600000
"DAL","2014-12-01",212.5900000
"DAL","2014-12-02",212.4100000
"DAL","2014-12-03",210.2000000
"DAL","2014-12-04",211.0700000
"DAL","2014-12-05",212.6400000
"DAL","2014-12-08",210.4600000
"DAL","2014-12-09",208.0200000
"DAL","2014-12-10",208.0700000
"DAL","2014-12-11",205.6700000
"DAL","2014-12-12",204.3700000
"DAL","2014-12-15",204.6100000
"DAL","2014-12-16",199.7200000
"DAL","2014-12-17",199.9300000
"DAL","2014-12-18",203.9400000
"DAL","2014-12-19",204.6300000
"DAL","2014-12-22",203.8500000
"DAL","2014-12-23",202.1700000
"DAL","2014-12-24",201.0500000
"DAL","2014-12-29",200.6700000
"DAL","2014-12-30",201.6400000
"DAL","2014-12-31",201.5100000
"DAL","2015-01-02",221.2300000
"DAL","2015-01-05",221.6000000
"DAL","2015-01-06",220.1600000
"DAL","2015-01-07",220.5300000
"DAL","2015-01-08",222.7500000
"DAL","2015-01-09",223.8300000
"DAL","2015-01-12",222.4100000
"DAL","2015-01-13",221.5000000
"DAL","2015-01-14",222.3200000
"DAL","2015-01-15",224.6000000
"DAL","2015-01-16",228.2200000
"DAL","2015-01-19",230.4900000
"DAL","2015-01-20",231.0800000
"DAL","2015-01-21",231.2500000
"DAL","2015-01-22",233.3200000
"DAL","2015-01-23",239.4600000
"DAL","2015-01-26",237.3200000
"DAL","2015-01-27",238.7600000
"DAL","2015-01-28",237.2700000
"DAL","2015-01-29",235.9100000
"DAL","2015-01-30",236.6100000
"DAL","2015-02-02",237.5400000
"DAL","2015-02-03",238.8600000
"DAL","2015-02-04",235.7600000
"DAL","2015-02-05",235.2600000
"DAL","2015-02-06",236.8400000
"DAL","2015-02-09",238.1600000
"DAL","2015-02-10",237.7500000
"DAL","2015-02-11",234.4700000
"DAL","2015-02-12",234.2000000
"DAL","2015-02-13",233.9500000
"DAL","2015-02-16",232.3700000
"DAL","2015-02-17",230.6500000
"DAL","2015-02-18",231.8100000
"DAL","2015-02-19",231.7000000
"DAL","2015-02-20",232.7300000
"DAL","2015-02-23",230.8300000
"DAL","2015-02-24",232.3500000
"DAL","2015-02-25",231.1700000
"DAL","2015-02-26",232.3100000
"DAL","2015-02-27",234.6100000
"DAL","2015-03-02",231.2000000
"DAL","2015-03-03",231.4000000
"DAL","2015-03-04",232.3000000
"DAL","2015-03-05",234.0300000
"DAL","2015-03-06",236.0900000
"DAL","2015-03-09",235.6000000
"DAL","2015-03-10",237.3600000
"DAL","2015-03-11",240.8000000
"DAL","2015-03-12",238.7800000
"DAL","2015-03-13",240.5800000
"DAL","2015-03-16",243.0900000
"DAL","2015-03-17",242.0200000
"DAL","2015-03-18",242.3900000
"DAL","2015-03-19",241.3300000
"DAL","2015-03-20",239.0500000
"DAL","2015-03-23",237.3400000
"DAL","2015-03-24",235.2800000
"DAL","2015-03-25",233.1200000
"DAL","2015-03-26",234.8100000
"DAL","2015-03-27",236.6600000
"DAL","2015-03-30",237.6900000
"DAL","2015-03-31",240.8300000
"DAL","2015-04-01",231.6400000
"DAL","2015-04-02",230.5000000
"DAL","2015-04-07",231.4700000
"DAL","2015-04-08",230.2300000
"DAL","2015-04-09",231.9700000
"DAL","2015-04-10",236.4000000
"DAL","2015-04-13",237.6100000
"DAL","2015-04-14",236.3000000
"DAL","2015-04-15",239.7900000
"DAL","2015-04-16",241.1300000
"DAL","2015-04-17",237.8700000
"DAL","2015-04-20",241.0000000
"DAL","2015-04-21",238.5300000
"DAL","2015-04-22",236.7400000
"DAL","2015-04-23",234.2900000
"DAL","2015-04-24",235.4500000
"DAL","2015-04-27",235.2600000
"AL$","2014-05-01",6883.8750000
"AL$","2014-06-01",6806.0952380
"AL$","2014-07-01",7104.5000000
"AL$","2014-08-01",7000.5500000
"AL$","2014-09-01",6872.2272727
"AL$","2014-10-01",6739.1956521
"AL$","2014-11-01",6701.1250000
"AL$","2014-12-01",6422.9523809
"AL$","2015-01-01",5815.8333333
"AL$","2015-02-01",5702.0750000
"AL$","2015-03-01",5925.8409090
"AL$","2015-04-01",6017.0789473
"96X","2014-05-01",1749.1000000
"96X","2014-06-01",1834.4047619
"96X","2014-07-01",1945.4130434
"96X","2014-08-01",2030.2250000
"96X","2014-09-01",1992.4772727
"96X","2014-10-01",1938.1956521
"96X","2014-11-01",2053.9250000
"96X","2014-12-01",1913.2380952
"96X","2015-01-01",1808.3809523
"96X","2015-02-01",1820.7750000
"96X","2015-03-01",1772.5909090
"96X","2015-04-01",1812.2631578
"LM$","2014-04-30",6724.0000000
"LM$","2014-05-01",6670.5000000
"LM$","2014-05-02",6699.0000000
"LM$","2014-05-06",6740.0000000
"LM$","2014-05-07",6688.0000000
"LM$","2014-05-08",6690.5000000
"LM$","2014-05-09",6770.0000000
"LM$","2014-05-12",6930.0000000
"LM$","2014-05-13",6884.5000000
"LM$","2014-05-14",6976.5000000
"LM$","2014-05-15",6949.0000000
"LM$","2014-05-16",6950.0000000
"LM$","2014-05-19",7009.0000000
"LM$","2014-05-20",6922.5000000
"LM$","2014-05-21",6841.0000000
"LM$","2014-05-22",6945.5000000
"LM$","2014-05-23",6991.0000000
"LM$","2014-05-27",7020.0000000
"LM$","2014-05-28",7035.0000000
"LM$","2014-05-29",6970.0000000
"LM$","2014-05-30",6995.5000000
"LM$","2014-06-02",7003.0000000
"LM$","2014-06-03",6930.0000000
"LM$","2014-06-04",6835.0000000
"LM$","2014-06-05",6800.0000000
"LM$","2014-06-06",6660.5000000
"LM$","2014-06-09",6667.5000000
"LM$","2014-06-10",6695.5000000
"LM$","2014-06-11",6689.5000000
"LM$","2014-06-12",6725.0000000
"LM$","2014-06-13",6671.5000000
"LM$","2014-06-16",6735.0000000
"LM$","2014-06-17",6711.0000000
"LM$","2014-06-18",6739.0000000
"LM$","2014-06-19",6730.5000000
"LM$","2014-06-20",6777.5000000
"LM$","2014-06-23",6901.0000000
"LM$","2014-06-24",6898.5000000
"LM$","2014-06-25",6890.5000000
"LM$","2014-06-26",6936.5000000
"LM$","2014-06-27",6976.0000000
"LM$","2014-06-30",6955.0000000
"LM$","2014-07-01",7015.0000000
"LM$","2014-07-02",7050.0000000
"LM$","2014-07-03",7121.0000000
"LM$","2014-07-04",7159.0000000
"LM$","2014-07-07",7120.5000000
"LM$","2014-07-08",7155.0000000
"LM$","2014-07-09",7173.0000000
"LM$","2014-07-10",7110.0000000
"LM$","2014-07-11",7151.0000000
"LM$","2014-07-14",7154.5000000
"LM$","2014-07-15",7102.5000000
"LM$","2014-07-16",7112.0000000
"LM$","2014-07-17",7030.5000000
"LM$","2014-07-18",7026.5000000
"LM$","2014-07-21",6989.5000000
"LM$","2014-07-22",7060.5000000
"LM$","2014-07-23",7065.0000000
"LM$","2014-07-24",7151.0000000
"LM$","2014-07-25",7183.5000000
"LM$","2014-07-28",7132.0000000
"LM$","2014-07-29",7116.0000000
"LM$","2014-07-30",7090.0000000
"LM$","2014-07-31",7135.5000000
"LM$","2014-08-01",7078.0000000
"LM$","2014-08-04",7104.0000000
"LM$","2014-08-05",7100.5000000
"LM$","2014-08-06",6995.0000000
"LM$","2014-08-07",6980.5000000
"LM$","2014-08-08",7020.0000000
"LM$","2014-08-11",7010.5000000
"LM$","2014-08-12",7025.5000000
"LM$","2014-08-13",6925.5000000
"LM$","2014-08-14",6886.5000000
"LM$","2014-08-15",6852.5000000
"LM$","2014-08-18",6910.0000000
"LM$","2014-08-19",6934.5000000
"LM$","2014-08-20",6922.0000000
"LM$","2014-08-21",7003.0000000
"LM$","2014-08-22",7088.0000000
"LM$","2014-08-26",7096.0000000
"LM$","2014-08-27",7051.0000000
"LM$","2014-08-28",7033.0000000
"LM$","2014-08-29",6995.0000000
"LM$","2014-09-01",6966.5000000
"LM$","2014-09-02",6965.5000000
"LM$","2014-09-03",6927.0000000
"LM$","2014-09-04",6967.0000000
"LM$","2014-09-05",6973.0000000
"LM$","2014-09-08",7040.5000000
"LM$","2014-09-09",6937.0000000
"LM$","2014-09-10",6897.5000000
"LM$","2014-09-11",6829.0000000
"LM$","2014-09-12",6856.0000000
"LM$","2014-09-15",6850.0000000
"LM$","2014-09-16",6895.5000000
"LM$","2014-09-17",6958.5000000
"LM$","2014-09-18",6920.0000000
"LM$","2014-09-19",6868.5000000
"LM$","2014-09-22",6782.0000000
"LM$","2014-09-23",6797.0000000
"LM$","2014-09-24",6750.0000000
"LM$","2014-09-25",6766.0000000
"LM$","2014-09-26",6771.0000000
"LM$","2014-09-29",6735.5000000
"LM$","2014-09-30",6736.0000000
"LM$","2014-10-01",6755.0000000
"LM$","2014-10-02",6693.5000000
"LM$","2014-10-03",6665.0000000
"LM$","2014-10-06",6712.5000000
"LM$","2014-10-07",6715.0000000
"LM$","2014-10-08",6755.0000000
"LM$","2014-10-09",6767.0000000
"LM$","2014-10-10",6697.0000000
"LM$","2014-10-13",6802.0000000
"LM$","2014-10-14",6780.5000000
"LM$","2014-10-15",6781.0000000
"LM$","2014-10-16",6630.0000000
"LM$","2014-10-17",6629.0000000
"LM$","2014-10-20",6615.0000000
"LM$","2014-10-21",6660.0000000
"LM$","2014-10-22",6730.5000000
"LM$","2014-10-23",6718.5000000
"LM$","2014-10-24",6759.5000000
"LM$","2014-10-27",6800.5000000
"LM$","2014-10-28",6859.5000000
"LM$","2014-10-29",6855.0000000
"LM$","2014-10-30",6785.0000000
"LM$","2014-10-31",6835.5000000
"LM$","2014-11-03",6801.0000000
"LM$","2014-11-04",6705.5000000
"LM$","2014-11-05",6646.0000000
"LM$","2014-11-06",6681.0000000
"LM$","2014-11-07",6720.5000000
"LM$","2014-11-10",6735.5000000
"LM$","2014-11-11",6688.0000000
"LM$","2014-11-12",6752.5000000
"LM$","2014-11-13",6755.5000000
"LM$","2014-11-14",6695.0000000
"LM$","2014-11-17",6752.0000000
"LM$","2014-11-18",6684.0000000
"LM$","2014-11-19",6715.0000000
"LM$","2014-11-20",6688.0000000
"LM$","2014-11-21",6790.0000000
"LM$","2014-11-24",6731.0000000
"LM$","2014-11-25",6696.0000000
"LM$","2014-11-26",6649.0000000
"LM$","2014-11-27",6621.5000000
"LM$","2014-11-28",6515.5000000
"LM$","2014-12-01",6385.0000000
"LM$","2014-12-02",6455.0000000
"LM$","2014-12-03",6451.0000000
"LM$","2014-12-04",6491.0000000
"LM$","2014-12-05",6536.0000000
"LM$","2014-12-08",6465.5000000
"LM$","2014-12-09",6401.0000000
"LM$","2014-12-10",6476.0000000
"LM$","2014-12-11",6471.5000000
"LM$","2014-12-12",6526.5000000
"LM$","2014-12-15",6560.0000000
"LM$","2014-12-16",6390.0000000
"LM$","2014-12-17",6306.0000000
"LM$","2014-12-18",6350.5000000
"LM$","2014-12-19",6445.5000000
"LM$","2014-12-22",6426.5000000
"LM$","2014-12-23",6363.0000000
"LM$","2014-12-24",6361.0000000
"LM$","2014-12-29",6332.0000000
"LM$","2014-12-30",6330.0000000
"LM$","2014-12-31",6359.0000000
"LM$","2015-01-02",6309.0000000
"LM$","2015-01-05",6216.0000000
"LM$","2015-01-06",6191.0000000
"LM$","2015-01-07",6170.0000000
"LM$","2015-01-08",6230.5000000
"LM$","2015-01-09",6151.0000000
"LM$","2015-01-12",6131.0000000
"LM$","2015-01-13",5915.0000000
"LM$","2015-01-14",5627.0000000
"LM$","2015-01-15",5719.0000000
"LM$","2015-01-16",5660.0000000
"LM$","2015-01-19",5671.0000000
"LM$","2015-01-20",5760.5000000
"LM$","2015-01-21",5630.5000000
"LM$","2015-01-22",5742.0000000
"LM$","2015-01-23",5581.0000000
"LM$","2015-01-26",5490.0000000
"LM$","2015-01-27",5557.0000000
"LM$","2015-01-28",5485.5000000
"LM$","2015-01-29",5390.5000000
"LM$","2015-01-30",5505.0000000
"LM$","2015-02-02",5535.5000000
"LM$","2015-02-03",5695.0000000
"LM$","2015-02-04",5708.0000000
"LM$","2015-02-05",5595.0000000
"LM$","2015-02-06",5692.0000000
"LM$","2015-02-09",5666.0000000
"LM$","2015-02-10",5591.0000000
"LM$","2015-02-11",5645.5000000
"LM$","2015-02-12",5695.0000000
"LM$","2015-02-13",5731.0000000
"LM$","2015-02-16",5712.0000000
"LM$","2015-02-17",5665.5000000
"LM$","2015-02-18",5690.0000000
"LM$","2015-02-19",5720.0000000
"LM$","2015-02-20",5707.0000000
"LM$","2015-02-23",5657.0000000
"LM$","2015-02-24",5715.0000000
"LM$","2015-02-25",5805.0000000
"LM$","2015-02-26",5935.5000000
"LM$","2015-02-27",5880.5000000
"LM$","2015-03-02",5896.0000000
"LM$","2015-03-03",5855.0000000
"LM$","2015-03-04",5882.0000000
"LM$","2015-03-05",5856.0000000
"LM$","2015-03-06",5826.5000000
"LM$","2015-03-09",5800.0000000
"LM$","2015-03-10",5783.5000000
"LM$","2015-03-11",5786.0000000
"LM$","2015-03-12",5865.5000000
"LM$","2015-03-13",5860.0000000
"LM$","2015-03-16",5853.0000000
"LM$","2015-03-17",5765.0000000
"LM$","2015-03-18",5692.5000000
"LM$","2015-03-19",5835.0000000
"LM$","2015-03-20",5920.0000000
"LM$","2015-03-23",6093.5000000
"LM$","2015-03-24",6128.0000000
"LM$","2015-03-25",6134.5000000
"LM$","2015-03-26",6230.0000000
"LM$","2015-03-27",6146.0000000
"LM$","2015-03-30",6110.0000000
"LM$","2015-03-31",6050.5000000
"LM$","2015-04-01",6019.5000000
"LM$","2015-04-02",6001.5000000
"LM$","2015-04-07",6041.0000000
"LM$","2015-04-08",6055.0000000
"LM$","2015-04-09",6050.0000000
"LM$","2015-04-10",6055.0000000
"LM$","2015-04-13",6011.5000000
"LM$","2015-04-14",5916.5000000
"LM$","2015-04-15",5920.5000000
"LM$","2015-04-16",6054.0000000
"LM$","2015-04-17",6081.0000000
"LM$","2015-04-20",6002.0000000
"LM$","2015-04-21",5975.0000000
"LM$","2015-04-22",5927.0000000
"LM$","2015-04-23",5935.0000000
"LM$","2015-04-24",6025.5000000
"LM$","2015-04-27",6061.0000000
"LM$","2015-04-28",6090.5000000
"LM$","2015-04-29",6103.0000000
"93 ","2014-04-30",3.0295000
"93 ","2014-05-01",3.0290000
"93 ","2014-05-02",3.0815000
"93 ","2014-05-05",3.0710000
"93 ","2014-05-06",3.0750000
"93 ","2014-05-07",3.0505000
"93 ","2014-05-08",3.0825000
"93 ","2014-05-09",3.1005000
"93 ","2014-05-12",3.1665000
"93 ","2014-05-13",3.1495000
"93 ","2014-05-14",3.1740000
"93 ","2014-05-15",3.1620000
"93 ","2014-05-16",3.1610000
"93 ","2014-05-19",3.1795000
"93 ","2014-05-20",3.1560000
"93 ","2014-05-21",3.1305000
"93 ","2014-05-22",3.1520000
"93 ","2014-05-23",3.1800000
"93 ","2014-05-26",3.1800000
"93 ","2014-05-27",3.1935000
"93 ","2014-05-28",3.1885000
"93 ","2014-05-29",3.1535000
"93 ","2014-05-30",3.1360000
"93 ","2014-06-02",3.1790000
"93 ","2014-06-03",3.1455000
"93 ","2014-06-04",3.0935000
"93 ","2014-06-05",3.0910000
"93 ","2014-06-06",3.0530000
"93 ","2014-06-09",3.0455000
"93 ","2014-06-10",3.0550000
"93 ","2014-06-11",3.0420000
"93 ","2014-06-12",3.0170000
"93 ","2014-06-13",3.0305000
"93 ","2014-06-16",3.0470000
"93 ","2014-06-17",3.0575000
"93 ","2014-06-18",3.0555000
"93 ","2014-06-19",3.0750000
"93 ","2014-06-20",3.1175000
"93 ","2014-06-23",3.1455000
"93 ","2014-06-24",3.1465000
"93 ","2014-06-25",3.1605000
"93 ","2014-06-26",3.1610000
"93 ","2014-06-27",3.1490000
"93 ","2014-06-30",3.1880000
"93 ","2014-07-01",3.1910000
"93 ","2014-07-02",3.2525000
"93 ","2014-07-03",3.2650000
"93 ","2014-07-07",3.2650000
"93 ","2014-07-08",3.2430000
"93 ","2014-07-09",3.2365000
"93 ","2014-07-10",3.2560000
"93 ","2014-07-11",3.2585000
"93 ","2014-07-14",3.2385000
"93 ","2014-07-15",3.2385000
"93 ","2014-07-16",3.2050000
"93 ","2014-07-17",3.2090000
"93 ","2014-07-18",3.1740000
"93 ","2014-07-21",3.1865000
"93 ","2014-07-22",3.1955000
"93 ","2014-07-23",3.1950000
"93 ","2014-07-24",3.2540000
"93 ","2014-07-28",3.2310000
"93 ","2014-07-29",3.2095000
"93 ","2014-07-30",3.2325000
"93 ","2014-07-31",3.2230000
"93 ","2014-08-01",3.2065000
"93 ","2014-08-04",3.2365000
"93 ","2014-08-05",3.1990000
"93 ","2014-08-06",3.1625000
"93 ","2014-08-08",3.1660000
"93 ","2014-08-11",3.1670000
"93 ","2014-08-12",3.1490000
"93 ","2014-08-13",3.1060000
"93 ","2014-08-14",3.0855000
"93 ","2014-08-15",3.0970000
"93 ","2014-08-18",3.1030000
"93 ","2014-08-19",3.0855000
"93 ","2014-08-20",3.1740000
"93 ","2014-08-21",3.1720000
"93 ","2014-08-22",3.1990000
"93 ","2014-08-25",3.2135000
"93 ","2014-08-26",3.1820000
"93 ","2014-08-27",3.1745000
"93 ","2014-08-28",3.1265000
"93 ","2014-08-29",3.1350000
"93 ","2014-09-02",3.1345000
"93 ","2014-09-03",3.1115000
"93 ","2014-09-04",3.1385000
"93 ","2014-09-05",3.1580000
"93 ","2014-09-08",3.1575000
"93 ","2014-09-09",3.0945000
"93 ","2014-09-10",3.1045000
"93 ","2014-09-11",3.0870000
"93 ","2014-09-12",3.1020000
"93 ","2014-09-15",3.0810000
"93 ","2014-09-16",3.1600000
"93 ","2014-09-18",3.0925000
"93 ","2014-09-19",3.0885000
"93 ","2014-09-22",3.0380000
"93 ","2014-09-23",3.0345000
"93 ","2014-09-24",3.0595000
"93 ","2014-09-25",3.0600000
"93 ","2014-09-26",3.0290000
"93 ","2014-09-29",3.0530000
"93 ","2014-09-30",3.0055000
"93 ","2014-10-02",2.9965000
"93 ","2014-10-03",2.9945000
"93 ","2014-10-06",3.0305000
"93 ","2014-10-07",3.0345000
"93 ","2014-10-08",3.0000000
"93 ","2014-10-09",3.0280000
"93 ","2014-10-10",3.0320000
"93 ","2014-10-13",3.0365000
"93 ","2014-10-14",3.0850000
"93 ","2014-10-15",3.0045000
"93 ","2014-10-16",2.9785000
"93 ","2014-10-17",3.0010000
"93 ","2014-10-20",2.9905000
"93 ","2014-10-21",3.0310000
"93 ","2014-10-22",3.0225000
"93 ","2014-10-23",3.0500000
"93 ","2014-10-24",3.0510000
"93 ","2014-10-27",3.0780000
"93 ","2014-10-28",3.1085000
"93 ","2014-10-29",3.1120000
"93 ","2014-10-30",3.0720000
"93 ","2014-10-31",3.0610000
"93 ","2014-11-03",3.0795000
"93 ","2014-11-04",3.0335000
"93 ","2014-11-05",3.0225000
"93 ","2014-11-06",3.0305000
"93 ","2014-11-07",3.0525000
"93 ","2014-11-10",3.0275000
"93 ","2014-11-11",3.0415000
"93 ","2014-11-12",3.0345000
"93 ","2014-11-13",2.9995000
"93 ","2014-11-14",3.0580000
"93 ","2014-11-17",3.0495000
"93 ","2014-11-18",3.0110000
"93 ","2014-11-19",3.0470000
"93 ","2014-11-20",3.0275000
"93 ","2014-11-21",3.0350000
"93 ","2014-11-24",3.0040000
"93 ","2014-11-25",2.9610000
"93 ","2014-11-26",2.9600000
"93 ","2014-11-28",2.8600000
"93 ","2014-12-01",2.9305000
"93 ","2014-12-02",2.9135000
"93 ","2014-12-03",2.8930000
"93 ","2014-12-05",2.9255000
"93 ","2014-12-08",2.9105000
"93 ","2014-12-09",2.9465000
"93 ","2014-12-10",2.9140000
"93 ","2014-12-11",2.9410000
"93 ","2014-12-12",2.9465000
"93 ","2014-12-15",2.8980000
"93 ","2014-12-16",2.8775000
"93 ","2014-12-17",2.8875000
"93 ","2014-12-18",2.8725000
"93 ","2014-12-19",2.9080000
"93 ","2014-12-22",2.9035000
"93 ","2014-12-23",2.9020000
"93 ","2014-12-24",2.8745000
"93 ","2014-12-26",2.8355000
"93 ","2014-12-29",2.8380000
"93 ","2014-12-30",2.8690000
"93 ","2014-12-31",2.8385000
"93 ","2015-01-02",2.8385000
"93 ","2015-01-05",2.7930000
"93 ","2015-01-06",2.8040000
"93 ","2015-01-07",2.7960000
"93 ","2015-01-08",2.8070000
"93 ","2015-01-09",2.7905000
"93 ","2015-01-12",2.7630000
"93 ","2015-01-13",2.6790000
"93 ","2015-01-14",2.5530000
"93 ","2015-01-15",2.6110000
"93 ","2015-01-16",2.6540000
"93 ","2015-01-20",2.6155000
"93 ","2015-01-21",2.6150000
"93 ","2015-01-22",2.6005000
"93 ","2015-01-26",2.5735000
"93 ","2015-01-27",2.5135000
"93 ","2015-01-28",2.5215000
"93 ","2015-01-29",2.4705000
"93 ","2015-01-30",2.5280000
"93 ","2015-02-02",2.5110000
"93 ","2015-02-03",2.6000000
"93 ","2015-02-04",2.6120000
"93 ","2015-02-05",2.6120000
"93 ","2015-02-06",2.6030000
"93 ","2015-02-09",2.5990000
"93 ","2015-02-10",2.5625000
"93 ","2015-02-11",2.5525000
"93 ","2015-02-12",2.6090000
"93 ","2015-02-13",2.6135000
"93 ","2015-02-17",2.5945000
"93 ","2015-02-18",2.6395000
"93 ","2015-02-20",2.6160000
"93 ","2015-02-23",2.6395000
"93 ","2015-02-24",2.7115000
"93 ","2015-02-25",2.7075000
"93 ","2015-02-26",2.7140000
"93 ","2015-02-27",2.7160000
"93 ","2015-03-02",2.7110000
"93 ","2015-03-03",2.6735000
"93 ","2015-03-04",2.6770000
"93 ","2015-03-05",2.6720000
"93 ","2015-03-06",2.6290000
"93 ","2015-03-09",2.6870000
"93 ","2015-03-10",2.6350000
"93 ","2015-03-11",2.6225000
"93 ","2015-03-12",2.6745000
"93 ","2015-03-13",2.6785000
"93 ","2015-03-16",2.6775000
"93 ","2015-03-17",2.6415000
"93 ","2015-03-18",2.5870000
"93 ","2015-03-19",2.6745000
"93 ","2015-03-20",2.7750000
"93 ","2015-03-23",2.8080000
"93 ","2015-03-24",2.8150000
"93 ","2015-03-25",2.8050000
"93 ","2015-03-26",2.8215000
"93 ","2015-03-27",2.7750000
"93 ","2015-03-30",2.7875000
"93 ","2015-03-31",2.7470000
"93 ","2015-04-01",2.7565000
"93 ","2015-04-02",2.7480000
"93 ","2015-04-03",2.7480000
"93 ","2015-04-06",2.7320000
"93 ","2015-04-07",2.7770000
"93 ","2015-04-08",2.7485000
"93 ","2015-04-09",2.7450000
"93 ","2015-04-10",2.7505000
"93 ","2015-04-13",2.7370000
"93 ","2015-04-14",2.7195000
"93 ","2015-04-15",2.7295000
"93 ","2015-04-16",2.7855000
"93 ","2015-04-17",2.7835000
"93 ","2015-04-20",2.7355000
"93 ","2015-04-21",2.7050000
"93 ","2015-04-22",2.6695000
"93 ","2015-04-23",2.6980000
"93 ","2015-04-24",2.7520000
"93 ","2015-04-27",2.7740000
"93 ","2015-04-28",2.7800000
"93 ","2015-04-29",2.7950000
"94 ","2014-04-30",.8026000
"94 ","2014-05-01",.7877000
"94 ","2014-05-02",.7877000
"94 ","2014-05-06",.7936000
"94 ","2014-05-07",.7840000
"94 ","2014-05-08",.7790000
"94 ","2014-05-09",.7793000
"94 ","2014-05-12",.7890000
"94 ","2014-05-13",.7888000
"94 ","2014-05-14",.7972000
"94 ","2014-05-15",.7951000
"94 ","2014-05-16",.7854000
"94 ","2014-05-19",.7822000
"94 ","2014-05-20",.7811000
"94 ","2014-05-21",.7777000
"94 ","2014-05-22",.7917000
"94 ","2014-05-23",.8081000
"94 ","2014-05-27",.8063000
"94 ","2014-05-28",.8171000
"94 ","2014-05-29",.8094000
"94 ","2014-05-30",.8271000
"94 ","2014-06-02",.8240000
"94 ","2014-06-03",.8176000
"94 ","2014-06-04",.8149000
"94 ","2014-06-05",.8294000
"94 ","2014-06-06",.8242000
"94 ","2014-06-09",.8484000
"94 ","2014-06-10",.8460000
"94 ","2014-06-11",.8326000
"94 ","2014-06-12",.8264000
"94 ","2014-06-13",.8169000
"94 ","2014-06-16",.8174000
"94 ","2014-06-17",.8203000
"94 ","2014-06-18",.8294000
"94 ","2014-06-19",.8364000
"94 ","2014-06-20",.8369000
"94 ","2014-06-23",.8423000
"94 ","2014-06-24",.8430000
"94 ","2014-06-25",.8466000
"94 ","2014-06-26",.8423000
"94 ","2014-06-27",.8391000
"94 ","2014-06-30",.8394000
"94 ","2014-07-01",.8335000
"94 ","2014-07-02",.8446000
"94 ","2014-07-03",.8573000
"94 ","2014-07-07",.8591000
"94 ","2014-07-08",.8666000
"94 ","2014-07-09",.8727000
"94 ","2014-07-10",.8552000
"94 ","2014-07-11",.8648000
"94 ","2014-07-14",.8723000
"94 ","2014-07-15",.8745000
"94 ","2014-07-16",.8902000
"94 ","2014-07-17",.8924000
"94 ","2014-07-18",.8884000
"94 ","2014-07-21",.9017000
"94 ","2014-07-22",.9165000
"94 ","2014-07-23",.9122000
"94 ","2014-07-24",.9133000
"94 ","2014-07-28",.9015000
"94 ","2014-07-29",.8954000
"94 ","2014-07-30",.8992000
"94 ","2014-07-31",.9147000
"94 ","2014-08-01",.8911000
"94 ","2014-08-04",.8977000
"94 ","2014-08-05",.9081000
"94 ","2014-08-06",.8997000
"94 ","2014-08-08",.9151000
"94 ","2014-08-11",.9217000
"94 ","2014-08-12",.9253000
"94 ","2014-08-13",.9190000
"94 ","2014-08-14",.9095000
"94 ","2014-08-15",.8981000
"94 ","2014-08-18",.9049000
"94 ","2014-08-19",.9199000
"94 ","2014-08-20",.9240000
"94 ","2014-08-21",.9337000
"94 ","2014-08-22",.9324000
"94 ","2014-08-25",.9324000
"94 ","2014-08-26",.9444000
"94 ","2014-08-27",.9446000
"94 ","2014-08-28",.9562000
"94 ","2014-08-29",.9589000
"94 ","2014-09-02",.9448000
"94 ","2014-09-03",.9426000
"94 ","2014-09-04",.9460000
"94 ","2014-09-05",.9412000
"94 ","2014-09-08",.9444000
"94 ","2014-09-09",.9276000
"94 ","2014-09-10",.9126000
"94 ","2014-09-11",.9081000
"94 ","2014-09-12",.9110000
"94 ","2014-09-15",.8884000
"94 ","2014-09-16",.8934000
"94 ","2014-09-18",.8845000
"94 ","2014-09-19",.8843000
"94 ","2014-09-22",.8732000
"94 ","2014-09-23",.8797000
"94 ","2014-09-24",.8720000
"94 ","2014-09-25",.8741000
"94 ","2014-09-26",.8729000
"94 ","2014-09-29",.8682000
"94 ","2014-09-30",.8777000
"94 ","2014-10-02",.8480000
"94 ","2014-10-03",.8541000
"94 ","2014-10-06",.8609000
"94 ","2014-10-07",.8555000
"94 ","2014-10-08",.8711000
"94 ","2014-10-09",.8727000
"94 ","2014-10-10",.8580000
"94 ","2014-10-13",.8634000
"94 ","2014-10-14",.8659000
"94 ","2014-10-15",.8675000
"94 ","2014-10-16",.8496000
"94 ","2014-10-17",.8752000
"94 ","2014-10-20",.8865000
"94 ","2014-10-21",.8945000
"94 ","2014-10-22",.8981000
"94 ","2014-10-23",.9002000
"94 ","2014-10-24",.8847000
"94 ","2014-10-27",.8906000
"94 ","2014-10-28",.9029000
"94 ","2014-10-29",.9126000
"94 ","2014-10-30",.9142000
"94 ","2014-10-31",.9330000
"94 ","2014-11-03",.9326000
"94 ","2014-11-04",.9301000
"94 ","2014-11-05",.9244000
"94 ","2014-11-06",.9310000
"94 ","2014-11-07",.9421000
"94 ","2014-11-10",.9258000
"94 ","2014-11-11",.9154000
"94 ","2014-11-12",.9353000
"94 ","2014-11-13",.9367000
"94 ","2014-11-14",.9165000
"94 ","2014-11-17",.9296000
"94 ","2014-11-18",.9142000
"94 ","2014-11-19",.9185000
"94 ","2014-11-20",.9149000
"94 ","2014-11-21",.9423000
"94 ","2014-11-24",.9344000
"94 ","2014-11-25",.9453000
"94 ","2014-11-26",.9521000
"94 ","2014-11-28",.9396000
"94 ","2014-12-01",.9167000
"94 ","2014-12-02",.9140000
"94 ","2014-12-03",.8922000
"94 ","2014-12-05",.9081000
"94 ","2014-12-08",.8890000
"94 ","2014-12-09",.8822000
"94 ","2014-12-10",.8845000
"94 ","2014-12-11",.8779000
"94 ","2014-12-12",.8700000
"94 ","2014-12-15",.8693000
"94 ","2014-12-16",.8505000
"94 ","2014-12-17",.8453000
"94 ","2014-12-18",.8566000
"94 ","2014-12-19",.8564000
"94 ","2014-12-22",.8518000
"94 ","2014-12-23",.8401000
"94 ","2014-12-24",.8319000
"94 ","2014-12-29",.8289000
"94 ","2014-12-30",.8323000
"94 ","2014-12-31",.8308000
"94 ","2015-01-02",.8262000
"94 ","2015-01-05",.8133000
"94 ","2015-01-06",.8040000
"94 ","2015-01-07",.7992000
"94 ","2015-01-08",.8058000
"94 ","2015-01-09",.8156000
"94 ","2015-01-12",.8069000
"94 ","2015-01-13",.8013000
"94 ","2015-01-14",.8017000
"94 ","2015-01-15",.8085000
"94 ","2015-01-16",.8158000
"94 ","2015-01-20",.8301000
"94 ","2015-01-21",.8305000
"94 ","2015-01-22",.8469000
"94 ","2015-01-26",.8246000
"94 ","2015-01-27",.8378000
"94 ","2015-01-28",.8389000
"94 ","2015-01-29",.8267000
"94 ","2015-01-30",.8335000
"94 ","2015-02-02",.8401000
"94 ","2015-02-03",.8482000
"94 ","2015-02-04",.8448000
"94 ","2015-02-05",.8387000
"94 ","2015-02-06",.8489000
"94 ","2015-02-09",.8414000
"94 ","2015-02-10",.8360000
"94 ","2015-02-11",.8217000
"94 ","2015-02-12",.8246000
"94 ","2015-02-13",.8308000
"94 ","2015-02-17",.8167000
"94 ","2015-02-18",.8151000
"94 ","2015-02-20",.8149000
"94 ","2015-02-23",.8040000
"94 ","2015-02-24",.8128000
"94 ","2015-02-25",.8090000
"94 ","2015-02-26",.8158000
"94 ","2015-02-27",.8140000
"94 ","2015-03-02",.8151000
"94 ","2015-03-03",.8090000
"94 ","2015-03-04",.8106000
"94 ","2015-03-05",.8110000
"94 ","2015-03-06",.8097000
"94 ","2015-03-09",.7986000
"94 ","2015-03-10",.7936000
"94 ","2015-03-11",.7956000
"94 ","2015-03-12",.7902000
"94 ","2015-03-13",.7911000
"94 ","2015-03-16",.7988000
"94 ","2015-03-17",.8029000
"94 ","2015-03-18",.8035000
"94 ","2015-03-19",.8085000
"94 ","2015-03-20",.7997000
"94 ","2015-03-23",.8106000
"94 ","2015-03-24",.8103000
"94 ","2015-03-25",.8001000
"94 ","2015-03-26",.8090000
"94 ","2015-03-27",.8038000
"94 ","2015-03-30",.8058000
"94 ","2015-03-31",.8115000
"94 ","2015-04-01",.8008000
"94 ","2015-04-02",.8031000
"94 ","2015-04-03",.8031000
"94 ","2015-04-07",.8097000
"94 ","2015-04-08",.8051000
"94 ","2015-04-09",.8044000
"94 ","2015-04-10",.8042000
"94 ","2015-04-13",.8081000
"94 ","2015-04-14",.8031000
"94 ","2015-04-15",.8215000
"94 ","2015-04-16",.8423000
"94 ","2015-04-17",.8376000
"94 ","2015-04-20",.8430000
"94 ","2015-04-21",.8285000
"94 ","2015-04-22",.8244000
"94 ","2015-04-23",.8190000
"94 ","2015-04-24",.8301000
"94 ","2015-04-27",.8289000
"94 ","2015-04-28",.8473000
"94 ","2015-04-29",.8575000
"96 ","2014-04-30",1769.5000000
"96 ","2014-05-01",1736.5000000
"96 ","2014-05-02",1736.5000000
"96 ","2014-05-06",1749.5000000
"96 ","2014-05-07",1728.5000000
"96 ","2014-05-08",1717.5000000
"96 ","2014-05-09",1718.0000000
"96 ","2014-05-12",1739.5000000
"96 ","2014-05-13",1739.0000000
"96 ","2014-05-14",1757.5000000
"96 ","2014-05-15",1753.0000000
"96 ","2014-05-16",1731.5000000
"96 ","2014-05-19",1724.5000000
"96 ","2014-05-20",1722.0000000
"96 ","2014-05-21",1714.5000000
"96 ","2014-05-22",1745.5000000
"96 ","2014-05-23",1781.5000000
"96 ","2014-05-27",1777.5000000
"96 ","2014-05-28",1801.5000000
"96 ","2014-05-29",1784.5000000
"96 ","2014-05-30",1823.5000000
"96 ","2014-06-02",1816.5000000
"96 ","2014-06-03",1802.5000000
"96 ","2014-06-04",1796.5000000
"96 ","2014-06-05",1828.5000000
"96 ","2014-06-06",1817.0000000
"96 ","2014-06-09",1870.5000000
"96 ","2014-06-10",1865.0000000
"96 ","2014-06-11",1835.5000000
"96 ","2014-06-12",1822.0000000
"96 ","2014-06-13",1801.0000000
"96 ","2014-06-16",1802.0000000
"96 ","2014-06-17",1808.5000000
"96 ","2014-06-18",1828.5000000
"96 ","2014-06-19",1844.0000000
"96 ","2014-06-20",1845.0000000
"96 ","2014-06-23",1857.0000000
"96 ","2014-06-24",1858.5000000
"96 ","2014-06-25",1866.5000000
"96 ","2014-06-26",1857.0000000
"96 ","2014-06-27",1850.0000000
"96 ","2014-06-30",1850.5000000
"96 ","2014-07-01",1837.5000000
"96 ","2014-07-02",1862.0000000
"96 ","2014-07-03",1890.0000000
"96 ","2014-07-04",1893.0000000
"96 ","2014-07-07",1894.0000000
"96 ","2014-07-08",1910.5000000
"96 ","2014-07-09",1924.0000000
"96 ","2014-07-10",1885.5000000
"96 ","2014-07-11",1906.5000000
"96 ","2014-07-14",1923.0000000
"96 ","2014-07-15",1928.0000000
"96 ","2014-07-16",1962.5000000
"96 ","2014-07-17",1967.5000000
"96 ","2014-07-18",1958.5000000
"96 ","2014-07-21",1988.0000000
"96 ","2014-07-22",2020.5000000
"96 ","2014-07-23",2011.0000000
"96 ","2014-07-24",2013.5000000
"96 ","2014-07-25",2008.5000000
"96 ","2014-07-28",1987.5000000
"96 ","2014-07-29",1974.0000000
"96 ","2014-07-30",1982.5000000
"96 ","2014-07-31",2016.5000000
"96 ","2014-08-01",1964.5000000
"96 ","2014-08-04",1979.0000000
"96 ","2014-08-05",2002.0000000
"96 ","2014-08-06",1983.5000000
"96 ","2014-08-07",2014.5000000
"96 ","2014-08-08",2017.5000000
"96 ","2014-08-11",2032.0000000
"96 ","2014-08-12",2040.0000000
"96 ","2014-08-13",2026.0000000
"96 ","2014-08-14",2005.0000000
"96 ","2014-08-15",1980.0000000
"96 ","2014-08-18",1995.0000000
"96 ","2014-08-19",2028.0000000
"96 ","2014-08-20",2037.0000000
"96 ","2014-08-21",2058.5000000
"96 ","2014-08-22",2055.5000000
"96 ","2014-08-26",2082.0000000
"96 ","2014-08-27",2082.5000000
"96 ","2014-08-28",2108.0000000
"96 ","2014-08-29",2114.0000000
"96 ","2014-09-01",2082.0000000
"96 ","2014-09-02",2083.0000000
"96 ","2014-09-03",2078.0000000
"96 ","2014-09-04",2085.5000000
"96 ","2014-09-05",2075.0000000
"96 ","2014-09-08",2082.0000000
"96 ","2014-09-09",2045.0000000
"96 ","2014-09-10",2012.0000000
"96 ","2014-09-11",2002.0000000
"96 ","2014-09-12",2008.5000000
"96 ","2014-09-15",1958.5000000
"96 ","2014-09-16",1969.5000000
"96 ","2014-09-17",1966.5000000
"96 ","2014-09-18",1950.0000000
"96 ","2014-09-19",1949.5000000
"96 ","2014-09-22",1925.0000000
"96 ","2014-09-23",1939.5000000
"96 ","2014-09-24",1922.5000000
"96 ","2014-09-25",1927.0000000
"96 ","2014-09-26",1924.5000000
"96 ","2014-09-29",1914.0000000
"96 ","2014-09-30",1935.0000000
"96 ","2014-10-01",1898.5000000
"96 ","2014-10-02",1869.5000000
"96 ","2014-10-03",1883.0000000
"96 ","2014-10-06",1898.0000000
"96 ","2014-10-07",1886.0000000
"96 ","2014-10-08",1920.5000000
"96 ","2014-10-09",1924.0000000
"96 ","2014-10-10",1891.5000000
"96 ","2014-10-13",1903.5000000
"96 ","2014-10-14",1909.0000000
"96 ","2014-10-15",1912.5000000
"96 ","2014-10-16",1873.0000000
"96 ","2014-10-17",1929.5000000
"96 ","2014-10-20",1954.5000000
"96 ","2014-10-21",1972.0000000
"96 ","2014-10-22",1980.0000000
"96 ","2014-10-23",1984.5000000
"96 ","2014-10-24",1950.5000000
"96 ","2014-10-27",1963.5000000
"96 ","2014-10-28",1990.5000000
"96 ","2014-10-29",2012.0000000
"96 ","2014-10-30",2015.5000000
"96 ","2014-10-31",2057.0000000
"96 ","2014-11-03",2056.0000000
"96 ","2014-11-04",2050.5000000
"96 ","2014-11-05",2038.0000000
"96 ","2014-11-06",2052.5000000
"96 ","2014-11-07",2077.0000000
"96 ","2014-11-10",2041.0000000
"96 ","2014-11-11",2018.0000000
"96 ","2014-11-12",2062.0000000
"96 ","2014-11-13",2065.0000000
"96 ","2014-11-14",2020.5000000
"96 ","2014-11-17",2049.5000000
"96 ","2014-11-18",2015.5000000
"96 ","2014-11-19",2025.0000000
"96 ","2014-11-20",2017.0000000
"96 ","2014-11-21",2077.5000000
"96 ","2014-11-24",2060.0000000
"96 ","2014-11-25",2084.0000000
"96 ","2014-11-26",2099.0000000
"96 ","2014-11-27",2099.0000000
"96 ","2014-11-28",2071.5000000
"96 ","2014-12-01",2021.0000000
"96 ","2014-12-02",2015.0000000
"96 ","2014-12-03",1967.0000000
"96 ","2014-12-04",1975.0000000
"96 ","2014-12-05",2002.0000000
"96 ","2014-12-08",1960.0000000
"96 ","2014-12-09",1945.0000000
"96 ","2014-12-10",1950.0000000
"96 ","2014-12-11",1935.5000000
"96 ","2014-12-12",1918.0000000
"96 ","2014-12-15",1916.5000000
"96 ","2014-12-16",1875.0000000
"96 ","2014-12-17",1863.5000000
"96 ","2014-12-18",1888.5000000
"96 ","2014-12-19",1888.0000000
"96 ","2014-12-22",1878.0000000
"96 ","2014-12-23",1852.0000000
"96 ","2014-12-24",1834.0000000
"96 ","2014-12-29",1827.5000000
"96 ","2014-12-30",1835.0000000
"96 ","2014-12-31",1831.5000000
"96 ","2015-01-02",1821.5000000
"96 ","2015-01-05",1793.0000000
"96 ","2015-01-06",1772.5000000
"96 ","2015-01-07",1762.0000000
"96 ","2015-01-08",1776.5000000
"96 ","2015-01-09",1798.0000000
"96 ","2015-01-12",1779.0000000
"96 ","2015-01-13",1766.5000000
"96 ","2015-01-14",1767.5000000
"96 ","2015-01-15",1782.5000000
"96 ","2015-01-16",1798.5000000
"96 ","2015-01-19",1825.5000000
"96 ","2015-01-20",1830.0000000
"96 ","2015-01-21",1831.0000000
"96 ","2015-01-22",1867.0000000
"96 ","2015-01-23",1830.5000000
"96 ","2015-01-26",1818.0000000
"96 ","2015-01-27",1847.0000000
"96 ","2015-01-28",1849.5000000
"96 ","2015-01-29",1822.5000000
"96 ","2015-01-30",1837.5000000
"96 ","2015-02-02",1852.0000000
"96 ","2015-02-03",1870.0000000
"96 ","2015-02-04",1862.5000000
"96 ","2015-02-05",1849.0000000
"96 ","2015-02-06",1871.5000000
"96 ","2015-02-09",1855.0000000
"96 ","2015-02-10",1843.0000000
"96 ","2015-02-11",1811.5000000
"96 ","2015-02-12",1818.0000000
"96 ","2015-02-13",1831.5000000
"96 ","2015-02-16",1814.5000000
"96 ","2015-02-17",1800.5000000
"96 ","2015-02-18",1797.0000000
"96 ","2015-02-19",1802.0000000
"96 ","2015-02-20",1796.5000000
"96 ","2015-02-23",1772.5000000
"96 ","2015-02-24",1792.0000000
"96 ","2015-02-25",1783.5000000
"96 ","2015-02-26",1798.5000000
"96 ","2015-02-27",1794.5000000
"96 ","2015-03-02",1797.0000000
"96 ","2015-03-03",1783.5000000
"96 ","2015-03-04",1787.0000000
"96 ","2015-03-05",1788.0000000
"96 ","2015-03-06",1785.0000000
"96 ","2015-03-09",1760.5000000
"96 ","2015-03-10",1749.5000000
"96 ","2015-03-11",1754.0000000
"96 ","2015-03-12",1742.0000000
"96 ","2015-03-13",1744.0000000
"96 ","2015-03-16",1761.0000000
"96 ","2015-03-17",1770.0000000
"96 ","2015-03-18",1771.5000000
"96 ","2015-03-19",1782.5000000
"96 ","2015-03-20",1763.0000000
"96 ","2015-03-23",1787.0000000
"96 ","2015-03-24",1786.5000000
"96 ","2015-03-25",1764.0000000
"96 ","2015-03-26",1783.5000000
"96 ","2015-03-27",1772.0000000
"96 ","2015-03-30",1776.5000000
"96 ","2015-03-31",1789.0000000
"96 ","2015-04-01",1765.5000000
"96 ","2015-04-02",1770.5000000
"96 ","2015-04-07",1785.0000000
"96 ","2015-04-08",1775.0000000
"96 ","2015-04-09",1773.5000000
"96 ","2015-04-10",1773.0000000
"96 ","2015-04-13",1781.5000000
"96 ","2015-04-14",1770.5000000
"96 ","2015-04-15",1811.0000000
"96 ","2015-04-16",1857.0000000
"96 ","2015-04-17",1846.5000000
"96 ","2015-04-20",1858.5000000
"96 ","2015-04-21",1826.5000000
"96 ","2015-04-22",1817.5000000
"96 ","2015-04-23",1805.5000000
"96 ","2015-04-24",1830.0000000
"96 ","2015-04-27",1827.5000000
"96 ","2015-04-28",1868.0000000
"96 ","2015-04-29",1890.5000000
